{
  "products": [
    {
      "id": "1",
      "productName": "Smartphone",
      "quantity": 500,
      "productionDate": "2023-09-01",
      "status": "In Assembly",
      "destination": "Retailer A"
    },
    {
      "id": "2",
      "productName": "Laptop",
      "quantity": 300,
      "productionDate": "2023-08-25",
      "status": "Shipped",
      "destination": "Retailer B"
    },
    {
      "id": "dc5d",
      "productName": "Smartphone",
      "quantity": "500",
      "destination": "Retailer B",
      "status": "In Assembly",
      "productionDate": "2023-09-01"
    }
  ]
}
